date,location,value,category,demographic,target
2020-04-18,06,2605,race/ethnicity,Asian,inc case
2020-04-25,06,833,race/ethnicity,Asian,inc case
2020-05-02,06,806,race/ethnicity,Asian,inc case
2020-05-09,06,691,race/ethnicity,Asian,inc case
2020-05-16,06,869,race/ethnicity,Asian,inc case
2020-05-23,06,714,race/ethnicity,Asian,inc case
2020-05-30,06,691,race/ethnicity,Asian,inc case
2020-06-06,06,612,race/ethnicity,Asian,inc case
2020-06-13,06,529,race/ethnicity,Asian,inc case
2020-06-20,06,591,race/ethnicity,Asian,inc case
2020-06-27,06,783,race/ethnicity,Asian,inc case
2020-07-04,06,1289,race/ethnicity,Asian,inc case
2020-07-11,06,1460,race/ethnicity,Asian,inc case
2020-07-18,06,1714,race/ethnicity,Asian,inc case
2020-07-25,06,1903,race/ethnicity,Asian,inc case
2020-08-01,06,1686,race/ethnicity,Asian,inc case
2020-08-08,06,1883,race/ethnicity,Asian,inc case
2020-08-15,06,2166,race/ethnicity,Asian,inc case
2020-08-22,06,1759,race/ethnicity,Asian,inc case
2020-08-29,06,1716,race/ethnicity,Asian,inc case
2020-09-05,06,1587,race/ethnicity,Asian,inc case
2020-09-12,06,1443,race/ethnicity,Asian,inc case
2020-09-19,06,1317,race/ethnicity,Asian,inc case
2020-09-26,06,1194,race/ethnicity,Asian,inc case
2020-10-03,06,1149,race/ethnicity,Asian,inc case
2020-10-10,06,1048,race/ethnicity,Asian,inc case
2020-10-17,06,932,race/ethnicity,Asian,inc case
2020-10-24,06,1364,race/ethnicity,Asian,inc case
2020-10-31,06,1292,race/ethnicity,Asian,inc case
2020-11-07,06,1758,race/ethnicity,Asian,inc case
2020-11-14,06,2489,race/ethnicity,Asian,inc case
2020-11-21,06,3841,race/ethnicity,Asian,inc case
2020-11-28,06,4787,race/ethnicity,Asian,inc case
2020-12-05,06,7177,race/ethnicity,Asian,inc case
2020-12-12,06,10235,race/ethnicity,Asian,inc case
2020-12-19,06,14374,race/ethnicity,Asian,inc case
2020-12-26,06,13752,race/ethnicity,Asian,inc case
2021-01-02,06,14685,race/ethnicity,Asian,inc case
2021-01-09,06,16690,race/ethnicity,Asian,inc case
2021-01-16,06,17276,race/ethnicity,Asian,inc case
2021-01-23,06,10733,race/ethnicity,Asian,inc case
2021-01-30,06,10061,race/ethnicity,Asian,inc case
2021-02-06,06,6959,race/ethnicity,Asian,inc case
2021-02-13,06,5146,race/ethnicity,Asian,inc case
2021-02-20,06,3669,race/ethnicity,Asian,inc case
2021-02-27,06,3453,race/ethnicity,Asian,inc case
2021-03-06,06,2851,race/ethnicity,Asian,inc case
2021-03-13,06,2497,race/ethnicity,Asian,inc case
2021-03-20,06,1933,race/ethnicity,Asian,inc case
2021-03-27,06,1794,race/ethnicity,Asian,inc case
2021-04-03,06,1724,race/ethnicity,Asian,inc case
2020-04-18,06,1376,race/ethnicity,Black,inc case
2020-04-25,06,463,race/ethnicity,Black,inc case
2020-05-02,06,450,race/ethnicity,Black,inc case
2020-05-09,06,452,race/ethnicity,Black,inc case
2020-05-16,06,480,race/ethnicity,Black,inc case
2020-05-23,06,439,race/ethnicity,Black,inc case
2020-05-30,06,477,race/ethnicity,Black,inc case
2020-06-06,06,438,race/ethnicity,Black,inc case
2020-06-13,06,391,race/ethnicity,Black,inc case
2020-06-20,06,519,race/ethnicity,Black,inc case
2020-06-27,06,824,race/ethnicity,Black,inc case
2020-07-04,06,1123,race/ethnicity,Black,inc case
2020-07-11,06,1589,race/ethnicity,Black,inc case
2020-07-18,06,1657,race/ethnicity,Black,inc case
2020-07-25,06,1825,race/ethnicity,Black,inc case
2020-08-01,06,1521,race/ethnicity,Black,inc case
2020-08-08,06,1478,race/ethnicity,Black,inc case
2020-08-15,06,1859,race/ethnicity,Black,inc case
2020-08-22,06,1290,race/ethnicity,Black,inc case
2020-08-29,06,1223,race/ethnicity,Black,inc case
2020-09-05,06,1228,race/ethnicity,Black,inc case
2020-09-12,06,989,race/ethnicity,Black,inc case
2020-09-19,06,830,race/ethnicity,Black,inc case
2020-09-26,06,927,race/ethnicity,Black,inc case
2020-10-03,06,733,race/ethnicity,Black,inc case
2020-10-10,06,731,race/ethnicity,Black,inc case
2020-10-17,06,616,race/ethnicity,Black,inc case
2020-10-24,06,892,race/ethnicity,Black,inc case
2020-10-31,06,899,race/ethnicity,Black,inc case
2020-11-07,06,1201,race/ethnicity,Black,inc case
2020-11-14,06,1651,race/ethnicity,Black,inc case
2020-11-21,06,2427,race/ethnicity,Black,inc case
2020-11-28,06,2652,race/ethnicity,Black,inc case
2020-12-05,06,4061,race/ethnicity,Black,inc case
2020-12-12,06,5811,race/ethnicity,Black,inc case
2020-12-19,06,8032,race/ethnicity,Black,inc case
2020-12-26,06,8012,race/ethnicity,Black,inc case
2021-01-02,06,7787,race/ethnicity,Black,inc case
2021-01-09,06,9039,race/ethnicity,Black,inc case
2021-01-16,06,9297,race/ethnicity,Black,inc case
2021-01-23,06,6128,race/ethnicity,Black,inc case
2021-01-30,06,5142,race/ethnicity,Black,inc case
2021-02-06,06,3744,race/ethnicity,Black,inc case
2021-02-13,06,2922,race/ethnicity,Black,inc case
2021-02-20,06,2116,race/ethnicity,Black,inc case
2021-02-27,06,1850,race/ethnicity,Black,inc case
2021-03-06,06,1688,race/ethnicity,Black,inc case
2021-03-13,06,1505,race/ethnicity,Black,inc case
2021-03-20,06,1295,race/ethnicity,Black,inc case
2021-03-27,06,1215,race/ethnicity,Black,inc case
2021-04-03,06,1354,race/ethnicity,Black,inc case
2020-04-18,06,8195,race/ethnicity,Latino,inc case
2020-04-25,06,3897,race/ethnicity,Latino,inc case
2020-05-02,06,5035,race/ethnicity,Latino,inc case
2020-05-09,06,5398,race/ethnicity,Latino,inc case
2020-05-16,06,6683,race/ethnicity,Latino,inc case
2020-05-23,06,6552,race/ethnicity,Latino,inc case
2020-05-30,06,7137,race/ethnicity,Latino,inc case
2020-06-06,06,7405,race/ethnicity,Latino,inc case
2020-06-13,06,9400,race/ethnicity,Latino,inc case
2020-06-20,06,9690,race/ethnicity,Latino,inc case
2020-06-27,06,11483,race/ethnicity,Latino,inc case
2020-07-04,06,14505,race/ethnicity,Latino,inc case
2020-07-11,06,17474,race/ethnicity,Latino,inc case
2020-07-18,06,24803,race/ethnicity,Latino,inc case
2020-07-25,06,25334,race/ethnicity,Latino,inc case
2020-08-01,06,26424,race/ethnicity,Latino,inc case
2020-08-08,06,23995,race/ethnicity,Latino,inc case
2020-08-15,06,25521,race/ethnicity,Latino,inc case
2020-08-22,06,21232,race/ethnicity,Latino,inc case
2020-08-29,06,19081,race/ethnicity,Latino,inc case
2020-09-05,06,18594,race/ethnicity,Latino,inc case
2020-09-12,06,15744,race/ethnicity,Latino,inc case
2020-09-19,06,14693,race/ethnicity,Latino,inc case
2020-09-26,06,13325,race/ethnicity,Latino,inc case
2020-10-03,06,10234,race/ethnicity,Latino,inc case
2020-10-10,06,11166,race/ethnicity,Latino,inc case
2020-10-17,06,10742,race/ethnicity,Latino,inc case
2020-10-24,06,14181,race/ethnicity,Latino,inc case
2020-10-31,06,13580,race/ethnicity,Latino,inc case
2020-11-07,06,16717,race/ethnicity,Latino,inc case
2020-11-14,06,20979,race/ethnicity,Latino,inc case
2020-11-21,06,33185,race/ethnicity,Latino,inc case
2020-11-28,06,35675,race/ethnicity,Latino,inc case
2020-12-05,06,54385,race/ethnicity,Latino,inc case
2020-12-12,06,81004,race/ethnicity,Latino,inc case
2020-12-19,06,105958,race/ethnicity,Latino,inc case
2020-12-26,06,100981,race/ethnicity,Latino,inc case
2021-01-02,06,101512,race/ethnicity,Latino,inc case
2021-01-09,06,126217,race/ethnicity,Latino,inc case
2021-01-16,06,128861,race/ethnicity,Latino,inc case
2021-01-23,06,82871,race/ethnicity,Latino,inc case
2021-01-30,06,65928,race/ethnicity,Latino,inc case
2021-02-06,06,47182,race/ethnicity,Latino,inc case
2021-02-13,06,34277,race/ethnicity,Latino,inc case
2021-02-20,06,25516,race/ethnicity,Latino,inc case
2021-02-27,06,24474,race/ethnicity,Latino,inc case
2021-03-06,06,21878,race/ethnicity,Latino,inc case
2021-03-13,06,19268,race/ethnicity,Latino,inc case
2021-03-20,06,15032,race/ethnicity,Latino,inc case
2021-03-27,06,12828,race/ethnicity,Latino,inc case
2021-04-03,06,13984,race/ethnicity,Latino,inc case
2020-04-18,06,2222,race/ethnicity,Other,inc case
2020-04-25,06,244,race/ethnicity,Other,inc case
2020-05-02,06,476,race/ethnicity,Other,inc case
2020-05-09,06,477,race/ethnicity,Other,inc case
2020-05-16,06,525,race/ethnicity,Other,inc case
2020-05-23,06,1089,race/ethnicity,Other,inc case
2020-05-30,06,3520,race/ethnicity,Other,inc case
2020-06-06,06,2603,race/ethnicity,Other,inc case
2020-06-13,06,2561,race/ethnicity,Other,inc case
2020-06-20,06,3513,race/ethnicity,Other,inc case
2020-06-27,06,4439,race/ethnicity,Other,inc case
2020-07-04,06,6700,race/ethnicity,Other,inc case
2020-07-11,06,6911,race/ethnicity,Other,inc case
2020-07-18,06,6025,race/ethnicity,Other,inc case
2020-07-25,06,6743,race/ethnicity,Other,inc case
2020-08-01,06,2552,race/ethnicity,Other,inc case
2020-08-08,06,2408,race/ethnicity,Other,inc case
2020-08-15,06,5528,race/ethnicity,Other,inc case
2020-08-22,06,2126,race/ethnicity,Other,inc case
2020-08-29,06,2301,race/ethnicity,Other,inc case
2020-09-05,06,1049,race/ethnicity,Other,inc case
2020-09-12,06,656,race/ethnicity,Other,inc case
2020-09-19,06,897,race/ethnicity,Other,inc case
2020-09-26,06,1461,race/ethnicity,Other,inc case
2020-10-03,06,1397,race/ethnicity,Other,inc case
2020-10-10,06,1666,race/ethnicity,Other,inc case
2020-10-17,06,1018,race/ethnicity,Other,inc case
2020-10-24,06,2921,race/ethnicity,Other,inc case
2020-10-31,06,2255,race/ethnicity,Other,inc case
2020-11-07,06,3743,race/ethnicity,Other,inc case
2020-11-14,06,5856,race/ethnicity,Other,inc case
2020-11-21,06,8014,race/ethnicity,Other,inc case
2020-11-28,06,11207,race/ethnicity,Other,inc case
2020-12-05,06,15309,race/ethnicity,Other,inc case
2020-12-12,06,24428,race/ethnicity,Other,inc case
2020-12-19,06,34729,race/ethnicity,Other,inc case
2020-12-26,06,33839,race/ethnicity,Other,inc case
2021-01-02,06,33395,race/ethnicity,Other,inc case
2021-01-09,06,39913,race/ethnicity,Other,inc case
2021-01-16,06,37842,race/ethnicity,Other,inc case
2021-01-23,06,17732,race/ethnicity,Other,inc case
2021-01-30,06,13930,race/ethnicity,Other,inc case
2021-02-06,06,8005,race/ethnicity,Other,inc case
2021-02-13,06,4589,race/ethnicity,Other,inc case
2021-02-20,06,1650,race/ethnicity,Other,inc case
2021-02-27,06,884,race/ethnicity,Other,inc case
2021-03-06,06,259,race/ethnicity,Other,inc case
2021-03-13,06,351,race/ethnicity,Other,inc case
2021-03-20,06,0,race/ethnicity,Other,inc case
2021-03-27,06,116,race/ethnicity,Other,inc case
2021-04-03,06,475,race/ethnicity,Other,inc case
2020-04-18,06,5945,race/ethnicity,White,inc case
2020-04-25,06,1794,race/ethnicity,White,inc case
2020-05-02,06,1710,race/ethnicity,White,inc case
2020-05-09,06,1291,race/ethnicity,White,inc case
2020-05-16,06,1712,race/ethnicity,White,inc case
2020-05-23,06,1766,race/ethnicity,White,inc case
2020-05-30,06,1625,race/ethnicity,White,inc case
2020-06-06,06,1643,race/ethnicity,White,inc case
2020-06-13,06,1559,race/ethnicity,White,inc case
2020-06-20,06,2132,race/ethnicity,White,inc case
2020-06-27,06,3065,race/ethnicity,White,inc case
2020-07-04,06,5356,race/ethnicity,White,inc case
2020-07-11,06,6883,race/ethnicity,White,inc case
2020-07-18,06,7061,race/ethnicity,White,inc case
2020-07-25,06,7425,race/ethnicity,White,inc case
2020-08-01,06,5669,race/ethnicity,White,inc case
2020-08-08,06,5296,race/ethnicity,White,inc case
2020-08-15,06,6883,race/ethnicity,White,inc case
2020-08-22,06,4746,race/ethnicity,White,inc case
2020-08-29,06,5026,race/ethnicity,White,inc case
2020-09-05,06,4672,race/ethnicity,White,inc case
2020-09-12,06,4025,race/ethnicity,White,inc case
2020-09-19,06,3918,race/ethnicity,White,inc case
2020-09-26,06,4297,race/ethnicity,White,inc case
2020-10-03,06,3709,race/ethnicity,White,inc case
2020-10-10,06,3747,race/ethnicity,White,inc case
2020-10-17,06,3449,race/ethnicity,White,inc case
2020-10-24,06,4778,race/ethnicity,White,inc case
2020-10-31,06,5203,race/ethnicity,White,inc case
2020-11-07,06,7091,race/ethnicity,White,inc case
2020-11-14,06,9867,race/ethnicity,White,inc case
2020-11-21,06,14529,race/ethnicity,White,inc case
2020-11-28,06,17641,race/ethnicity,White,inc case
2020-12-05,06,23717,race/ethnicity,White,inc case
2020-12-12,06,32173,race/ethnicity,White,inc case
2020-12-19,06,42100,race/ethnicity,White,inc case
2020-12-26,06,40948,race/ethnicity,White,inc case
2021-01-02,06,40991,race/ethnicity,White,inc case
2021-01-09,06,45954,race/ethnicity,White,inc case
2021-01-16,06,44687,race/ethnicity,White,inc case
2021-01-23,06,28218,race/ethnicity,White,inc case
2021-01-30,06,25089,race/ethnicity,White,inc case
2021-02-06,06,18291,race/ethnicity,White,inc case
2021-02-13,06,13392,race/ethnicity,White,inc case
2021-02-20,06,9885,race/ethnicity,White,inc case
2021-02-27,06,8508,race/ethnicity,White,inc case
2021-03-06,06,7164,race/ethnicity,White,inc case
2021-03-13,06,7268,race/ethnicity,White,inc case
2021-03-20,06,5841,race/ethnicity,White,inc case
2021-03-27,06,5482,race/ethnicity,White,inc case
2021-04-03,06,5904,race/ethnicity,White,inc case
2020-04-18,06,162,race/ethnicity,Asian,inc death
2020-04-25,06,104,race/ethnicity,Asian,inc death
2020-05-02,06,79,race/ethnicity,Asian,inc death
2020-05-09,06,72,race/ethnicity,Asian,inc death
2020-05-16,06,51,race/ethnicity,Asian,inc death
2020-05-23,06,60,race/ethnicity,Asian,inc death
2020-05-30,06,63,race/ethnicity,Asian,inc death
2020-06-06,06,70,race/ethnicity,Asian,inc death
2020-06-13,06,61,race/ethnicity,Asian,inc death
2020-06-20,06,52,race/ethnicity,Asian,inc death
2020-06-27,06,57,race/ethnicity,Asian,inc death
2020-07-04,06,49,race/ethnicity,Asian,inc death
2020-07-11,06,53,race/ethnicity,Asian,inc death
2020-07-18,06,60,race/ethnicity,Asian,inc death
2020-07-25,06,63,race/ethnicity,Asian,inc death
2020-08-01,06,76,race/ethnicity,Asian,inc death
2020-08-08,06,94,race/ethnicity,Asian,inc death
2020-08-15,06,79,race/ethnicity,Asian,inc death
2020-08-22,06,89,race/ethnicity,Asian,inc death
2020-08-29,06,92,race/ethnicity,Asian,inc death
2020-09-05,06,86,race/ethnicity,Asian,inc death
2020-09-12,06,82,race/ethnicity,Asian,inc death
2020-09-19,06,63,race/ethnicity,Asian,inc death
2020-09-26,06,77,race/ethnicity,Asian,inc death
2020-10-03,06,75,race/ethnicity,Asian,inc death
2020-10-10,06,38,race/ethnicity,Asian,inc death
2020-10-17,06,56,race/ethnicity,Asian,inc death
2020-10-24,06,54,race/ethnicity,Asian,inc death
2020-10-31,06,43,race/ethnicity,Asian,inc death
2020-11-07,06,35,race/ethnicity,Asian,inc death
2020-11-14,06,24,race/ethnicity,Asian,inc death
2020-11-21,06,59,race/ethnicity,Asian,inc death
2020-11-28,06,45,race/ethnicity,Asian,inc death
2020-12-05,06,68,race/ethnicity,Asian,inc death
2020-12-12,06,128,race/ethnicity,Asian,inc death
2020-12-19,06,161,race/ethnicity,Asian,inc death
2020-12-26,06,165,race/ethnicity,Asian,inc death
2021-01-02,06,286,race/ethnicity,Asian,inc death
2021-01-09,06,318,race/ethnicity,Asian,inc death
2021-01-16,06,441,race/ethnicity,Asian,inc death
2021-01-23,06,336,race/ethnicity,Asian,inc death
2021-01-30,06,406,race/ethnicity,Asian,inc death
2021-02-06,06,362,race/ethnicity,Asian,inc death
2021-02-13,06,347,race/ethnicity,Asian,inc death
2021-02-20,06,263,race/ethnicity,Asian,inc death
2021-02-27,06,371,race/ethnicity,Asian,inc death
2021-03-06,06,230,race/ethnicity,Asian,inc death
2021-03-13,06,239,race/ethnicity,Asian,inc death
2021-03-20,06,129,race/ethnicity,Asian,inc death
2021-03-27,06,202,race/ethnicity,Asian,inc death
2021-04-03,06,137,race/ethnicity,Asian,inc death
2020-04-18,06,120,race/ethnicity,Black,inc death
2020-04-25,06,50,race/ethnicity,Black,inc death
2020-05-02,06,44,race/ethnicity,Black,inc death
2020-05-09,06,50,race/ethnicity,Black,inc death
2020-05-16,06,47,race/ethnicity,Black,inc death
2020-05-23,06,49,race/ethnicity,Black,inc death
2020-05-30,06,37,race/ethnicity,Black,inc death
2020-06-06,06,42,race/ethnicity,Black,inc death
2020-06-13,06,31,race/ethnicity,Black,inc death
2020-06-20,06,31,race/ethnicity,Black,inc death
2020-06-27,06,32,race/ethnicity,Black,inc death
2020-07-04,06,39,race/ethnicity,Black,inc death
2020-07-11,06,41,race/ethnicity,Black,inc death
2020-07-18,06,41,race/ethnicity,Black,inc death
2020-07-25,06,43,race/ethnicity,Black,inc death
2020-08-01,06,59,race/ethnicity,Black,inc death
2020-08-08,06,74,race/ethnicity,Black,inc death
2020-08-15,06,44,race/ethnicity,Black,inc death
2020-08-22,06,61,race/ethnicity,Black,inc death
2020-08-29,06,40,race/ethnicity,Black,inc death
2020-09-05,06,63,race/ethnicity,Black,inc death
2020-09-12,06,54,race/ethnicity,Black,inc death
2020-09-19,06,42,race/ethnicity,Black,inc death
2020-09-26,06,43,race/ethnicity,Black,inc death
2020-10-03,06,36,race/ethnicity,Black,inc death
2020-10-10,06,25,race/ethnicity,Black,inc death
2020-10-17,06,20,race/ethnicity,Black,inc death
2020-10-24,06,20,race/ethnicity,Black,inc death
2020-10-31,06,30,race/ethnicity,Black,inc death
2020-11-07,06,17,race/ethnicity,Black,inc death
2020-11-14,06,16,race/ethnicity,Black,inc death
2020-11-21,06,28,race/ethnicity,Black,inc death
2020-11-28,06,19,race/ethnicity,Black,inc death
2020-12-05,06,43,race/ethnicity,Black,inc death
2020-12-12,06,59,race/ethnicity,Black,inc death
2020-12-19,06,87,race/ethnicity,Black,inc death
2020-12-26,06,81,race/ethnicity,Black,inc death
2021-01-02,06,143,race/ethnicity,Black,inc death
2021-01-09,06,133,race/ethnicity,Black,inc death
2021-01-16,06,213,race/ethnicity,Black,inc death
2021-01-23,06,186,race/ethnicity,Black,inc death
2021-01-30,06,183,race/ethnicity,Black,inc death
2021-02-06,06,161,race/ethnicity,Black,inc death
2021-02-13,06,180,race/ethnicity,Black,inc death
2021-02-20,06,115,race/ethnicity,Black,inc death
2021-02-27,06,189,race/ethnicity,Black,inc death
2021-03-06,06,114,race/ethnicity,Black,inc death
2021-03-13,06,98,race/ethnicity,Black,inc death
2021-03-20,06,65,race/ethnicity,Black,inc death
2021-03-27,06,100,race/ethnicity,Black,inc death
2021-04-03,06,53,race/ethnicity,Black,inc death
2020-04-18,06,314,race/ethnicity,Latino,inc death
2020-04-25,06,188,race/ethnicity,Latino,inc death
2020-05-02,06,202,race/ethnicity,Latino,inc death
2020-05-09,06,210,race/ethnicity,Latino,inc death
2020-05-16,06,223,race/ethnicity,Latino,inc death
2020-05-23,06,220,race/ethnicity,Latino,inc death
2020-05-30,06,188,race/ethnicity,Latino,inc death
2020-06-06,06,202,race/ethnicity,Latino,inc death
2020-06-13,06,238,race/ethnicity,Latino,inc death
2020-06-20,06,185,race/ethnicity,Latino,inc death
2020-06-27,06,178,race/ethnicity,Latino,inc death
2020-07-04,06,240,race/ethnicity,Latino,inc death
2020-07-11,06,432,race/ethnicity,Latino,inc death
2020-07-18,06,339,race/ethnicity,Latino,inc death
2020-07-25,06,381,race/ethnicity,Latino,inc death
2020-08-01,06,449,race/ethnicity,Latino,inc death
2020-08-08,06,503,race/ethnicity,Latino,inc death
2020-08-15,06,456,race/ethnicity,Latino,inc death
2020-08-22,06,505,race/ethnicity,Latino,inc death
2020-08-29,06,423,race/ethnicity,Latino,inc death
2020-09-05,06,412,race/ethnicity,Latino,inc death
2020-09-12,06,336,race/ethnicity,Latino,inc death
2020-09-19,06,296,race/ethnicity,Latino,inc death
2020-09-26,06,269,race/ethnicity,Latino,inc death
2020-10-03,06,308,race/ethnicity,Latino,inc death
2020-10-10,06,214,race/ethnicity,Latino,inc death
2020-10-17,06,217,race/ethnicity,Latino,inc death
2020-10-24,06,196,race/ethnicity,Latino,inc death
2020-10-31,06,182,race/ethnicity,Latino,inc death
2020-11-07,06,156,race/ethnicity,Latino,inc death
2020-11-14,06,145,race/ethnicity,Latino,inc death
2020-11-21,06,215,race/ethnicity,Latino,inc death
2020-11-28,06,205,race/ethnicity,Latino,inc death
2020-12-05,06,288,race/ethnicity,Latino,inc death
2020-12-12,06,403,race/ethnicity,Latino,inc death
2020-12-19,06,713,race/ethnicity,Latino,inc death
2020-12-26,06,643,race/ethnicity,Latino,inc death
2021-01-02,06,1008,race/ethnicity,Latino,inc death
2021-01-09,06,1202,race/ethnicity,Latino,inc death
2021-01-16,06,1402,race/ethnicity,Latino,inc death
2021-01-23,06,1462,race/ethnicity,Latino,inc death
2021-01-30,06,1617,race/ethnicity,Latino,inc death
2021-02-06,06,1659,race/ethnicity,Latino,inc death
2021-02-13,06,1365,race/ethnicity,Latino,inc death
2021-02-20,06,1041,race/ethnicity,Latino,inc death
2021-02-27,06,1405,race/ethnicity,Latino,inc death
2021-03-06,06,967,race/ethnicity,Latino,inc death
2021-03-13,06,759,race/ethnicity,Latino,inc death
2021-03-20,06,517,race/ethnicity,Latino,inc death
2021-03-27,06,751,race/ethnicity,Latino,inc death
2021-04-03,06,377,race/ethnicity,Latino,inc death
2020-04-18,06,50,race/ethnicity,Other,inc death
2020-04-25,06,14,race/ethnicity,Other,inc death
2020-05-02,06,0,race/ethnicity,Other,inc death
2020-05-09,06,10,race/ethnicity,Other,inc death
2020-05-16,06,18,race/ethnicity,Other,inc death
2020-05-23,06,0,race/ethnicity,Other,inc death
2020-05-30,06,0,race/ethnicity,Other,inc death
2020-06-06,06,0,race/ethnicity,Other,inc death
2020-06-13,06,0,race/ethnicity,Other,inc death
2020-06-20,06,12,race/ethnicity,Other,inc death
2020-06-27,06,8,race/ethnicity,Other,inc death
2020-07-04,06,19,race/ethnicity,Other,inc death
2020-07-11,06,28,race/ethnicity,Other,inc death
2020-07-18,06,13,race/ethnicity,Other,inc death
2020-07-25,06,31,race/ethnicity,Other,inc death
2020-08-01,06,25,race/ethnicity,Other,inc death
2020-08-08,06,8,race/ethnicity,Other,inc death
2020-08-15,06,31,race/ethnicity,Other,inc death
2020-08-22,06,0,race/ethnicity,Other,inc death
2020-08-29,06,10,race/ethnicity,Other,inc death
2020-09-05,06,27,race/ethnicity,Other,inc death
2020-09-12,06,0,race/ethnicity,Other,inc death
2020-09-19,06,20,race/ethnicity,Other,inc death
2020-09-26,06,12,race/ethnicity,Other,inc death
2020-10-03,06,0,race/ethnicity,Other,inc death
2020-10-10,06,23,race/ethnicity,Other,inc death
2020-10-17,06,0,race/ethnicity,Other,inc death
2020-10-24,06,0,race/ethnicity,Other,inc death
2020-10-31,06,0,race/ethnicity,Other,inc death
2020-11-07,06,17,race/ethnicity,Other,inc death
2020-11-14,06,8,race/ethnicity,Other,inc death
2020-11-21,06,14,race/ethnicity,Other,inc death
2020-11-28,06,10,race/ethnicity,Other,inc death
2020-12-05,06,35,race/ethnicity,Other,inc death
2020-12-12,06,57,race/ethnicity,Other,inc death
2020-12-19,06,51,race/ethnicity,Other,inc death
2020-12-26,06,93,race/ethnicity,Other,inc death
2021-01-02,06,113,race/ethnicity,Other,inc death
2021-01-09,06,171,race/ethnicity,Other,inc death
2021-01-16,06,195,race/ethnicity,Other,inc death
2021-01-23,06,219,race/ethnicity,Other,inc death
2021-01-30,06,235,race/ethnicity,Other,inc death
2021-02-06,06,204,race/ethnicity,Other,inc death
2021-02-13,06,183,race/ethnicity,Other,inc death
2021-02-20,06,123,race/ethnicity,Other,inc death
2021-02-27,06,111,race/ethnicity,Other,inc death
2021-03-06,06,71,race/ethnicity,Other,inc death
2021-03-13,06,46,race/ethnicity,Other,inc death
2021-03-20,06,20,race/ethnicity,Other,inc death
2021-03-27,06,38,race/ethnicity,Other,inc death
2021-04-03,06,0,race/ethnicity,Other,inc death
2020-04-18,06,357,race/ethnicity,White,inc death
2020-04-25,06,179,race/ethnicity,White,inc death
2020-05-02,06,185,race/ethnicity,White,inc death
2020-05-09,06,170,race/ethnicity,White,inc death
2020-05-16,06,148,race/ethnicity,White,inc death
2020-05-23,06,189,race/ethnicity,White,inc death
2020-05-30,06,105,race/ethnicity,White,inc death
2020-06-06,06,142,race/ethnicity,White,inc death
2020-06-13,06,157,race/ethnicity,White,inc death
2020-06-20,06,147,race/ethnicity,White,inc death
2020-06-27,06,89,race/ethnicity,White,inc death
2020-07-04,06,103,race/ethnicity,White,inc death
2020-07-11,06,169,race/ethnicity,White,inc death
2020-07-18,06,158,race/ethnicity,White,inc death
2020-07-25,06,176,race/ethnicity,White,inc death
2020-08-01,06,239,race/ethnicity,White,inc death
2020-08-08,06,275,race/ethnicity,White,inc death
2020-08-15,06,238,race/ethnicity,White,inc death
2020-08-22,06,240,race/ethnicity,White,inc death
2020-08-29,06,236,race/ethnicity,White,inc death
2020-09-05,06,252,race/ethnicity,White,inc death
2020-09-12,06,211,race/ethnicity,White,inc death
2020-09-19,06,204,race/ethnicity,White,inc death
2020-09-26,06,198,race/ethnicity,White,inc death
2020-10-03,06,171,race/ethnicity,White,inc death
2020-10-10,06,162,race/ethnicity,White,inc death
2020-10-17,06,132,race/ethnicity,White,inc death
2020-10-24,06,123,race/ethnicity,White,inc death
2020-10-31,06,114,race/ethnicity,White,inc death
2020-11-07,06,126,race/ethnicity,White,inc death
2020-11-14,06,95,race/ethnicity,White,inc death
2020-11-21,06,127,race/ethnicity,White,inc death
2020-11-28,06,151,race/ethnicity,White,inc death
2020-12-05,06,254,race/ethnicity,White,inc death
2020-12-12,06,402,race/ethnicity,White,inc death
2020-12-19,06,518,race/ethnicity,White,inc death
2020-12-26,06,540,race/ethnicity,White,inc death
2021-01-02,06,729,race/ethnicity,White,inc death
2021-01-09,06,922,race/ethnicity,White,inc death
2021-01-16,06,1123,race/ethnicity,White,inc death
2021-01-23,06,1074,race/ethnicity,White,inc death
2021-01-30,06,1093,race/ethnicity,White,inc death
2021-02-06,06,1062,race/ethnicity,White,inc death
2021-02-13,06,863,race/ethnicity,White,inc death
2021-02-20,06,735,race/ethnicity,White,inc death
2021-02-27,06,934,race/ethnicity,White,inc death
2021-03-06,06,569,race/ethnicity,White,inc death
2021-03-13,06,409,race/ethnicity,White,inc death
2021-03-20,06,299,race/ethnicity,White,inc death
2021-03-27,06,522,race/ethnicity,White,inc death
2021-04-03,06,257,race/ethnicity,White,inc death
2020-03-07,37,0,race/ethnicity,White,inc death
2020-03-14,37,35,race/ethnicity,White,inc death
2020-03-21,37,423,race/ethnicity,White,inc death
2020-03-28,37,567,race/ethnicity,White,inc death
2020-04-04,37,517,race/ethnicity,White,inc death
2020-04-11,37,897,race/ethnicity,White,inc death
2020-04-18,37,751,race/ethnicity,White,inc death
2020-04-25,37,1146,race/ethnicity,White,inc death
2020-05-02,37,1109,race/ethnicity,White,inc death
2020-05-09,37,1471,race/ethnicity,White,inc death
2020-05-16,37,1845,race/ethnicity,White,inc death
2020-05-23,37,2187,race/ethnicity,White,inc death
2020-05-30,37,2343,race/ethnicity,White,inc death
2020-06-06,37,3082,race/ethnicity,White,inc death
2020-06-13,37,3493,race/ethnicity,White,inc death
2020-06-20,37,4225,race/ethnicity,White,inc death
2020-06-27,37,5042,race/ethnicity,White,inc death
2020-07-04,37,5087,race/ethnicity,White,inc death
2020-07-11,37,6050,race/ethnicity,White,inc death
2020-07-18,37,5757,race/ethnicity,White,inc death
2020-07-25,37,5647,race/ethnicity,White,inc death
2020-08-01,37,5320,race/ethnicity,White,inc death
2020-08-08,37,4838,race/ethnicity,White,inc death
2020-08-15,37,4686,race/ethnicity,White,inc death
2020-08-22,37,5775,race/ethnicity,White,inc death
2020-08-29,37,5568,race/ethnicity,White,inc death
2020-09-05,37,5010,race/ethnicity,White,inc death
2020-09-12,37,4537,race/ethnicity,White,inc death
2020-09-19,37,4795,race/ethnicity,White,inc death
2020-09-26,37,4930,race/ethnicity,White,inc death
2020-10-03,37,6754,race/ethnicity,White,inc death
2020-10-10,37,7429,race/ethnicity,White,inc death
2020-10-17,37,7902,race/ethnicity,White,inc death
2020-10-24,37,8238,race/ethnicity,White,inc death
2020-10-31,37,8637,race/ethnicity,White,inc death
2020-11-07,37,9525,race/ethnicity,White,inc death
2020-11-14,37,12490,race/ethnicity,White,inc death
2020-11-21,37,12680,race/ethnicity,White,inc death
2020-11-28,37,11655,race/ethnicity,White,inc death
2020-12-05,37,17651,race/ethnicity,White,inc death
2020-12-12,37,17501,race/ethnicity,White,inc death
2020-12-19,37,19032,race/ethnicity,White,inc death
2020-12-26,37,15809,race/ethnicity,White,inc death
2021-01-02,37,22207,race/ethnicity,White,inc death
2021-01-09,37,23207,race/ethnicity,White,inc death
2021-01-16,37,19067,race/ethnicity,White,inc death
2021-01-23,37,15561,race/ethnicity,White,inc death
2021-01-30,37,12968,race/ethnicity,White,inc death
2021-02-06,37,11281,race/ethnicity,White,inc death
2021-02-13,37,10907,race/ethnicity,White,inc death
2021-02-20,37,8966,race/ethnicity,White,inc death
2021-02-27,37,7177,race/ethnicity,White,inc death
2021-03-06,37,5837,race/ethnicity,White,inc death
2021-03-13,37,5577,race/ethnicity,White,inc death
2021-03-20,37,5631,race/ethnicity,White,inc death
2021-03-27,37,6074,race/ethnicity,White,inc death
2021-04-03,37,5566,race/ethnicity,White,inc death
2020-03-07,37,0,race/ethnicity,Black,inc death
2020-03-14,37,8,race/ethnicity,Black,inc death
2020-03-21,37,173,race/ethnicity,Black,inc death
2020-03-28,37,338,race/ethnicity,Black,inc death
2020-04-04,37,448,race/ethnicity,Black,inc death
2020-04-11,37,592,race/ethnicity,Black,inc death
2020-04-18,37,675,race/ethnicity,Black,inc death
2020-04-25,37,777,race/ethnicity,Black,inc death
2020-05-02,37,559,race/ethnicity,Black,inc death
2020-05-09,37,647,race/ethnicity,Black,inc death
2020-05-16,37,707,race/ethnicity,Black,inc death
2020-05-23,37,832,race/ethnicity,Black,inc death
2020-05-30,37,746,race/ethnicity,Black,inc death
2020-06-06,37,880,race/ethnicity,Black,inc death
2020-06-13,37,974,race/ethnicity,Black,inc death
2020-06-20,37,1091,race/ethnicity,Black,inc death
2020-06-27,37,1565,race/ethnicity,Black,inc death
2020-07-04,37,2005,race/ethnicity,Black,inc death
2020-07-11,37,2394,race/ethnicity,Black,inc death
2020-07-18,37,2616,race/ethnicity,Black,inc death
2020-07-25,37,2379,race/ethnicity,Black,inc death
2020-08-01,37,2054,race/ethnicity,Black,inc death
2020-08-08,37,1762,race/ethnicity,Black,inc death
2020-08-15,37,1701,race/ethnicity,Black,inc death
2020-08-22,37,1686,race/ethnicity,Black,inc death
2020-08-29,37,1796,race/ethnicity,Black,inc death
2020-09-05,37,1468,race/ethnicity,Black,inc death
2020-09-12,37,1341,race/ethnicity,Black,inc death
2020-09-19,37,1609,race/ethnicity,Black,inc death
2020-09-26,37,1622,race/ethnicity,Black,inc death
2020-10-03,37,1810,race/ethnicity,Black,inc death
2020-10-10,37,1824,race/ethnicity,Black,inc death
2020-10-17,37,2307,race/ethnicity,Black,inc death
2020-10-24,37,2707,race/ethnicity,Black,inc death
2020-10-31,37,2447,race/ethnicity,Black,inc death
2020-11-07,37,2819,race/ethnicity,Black,inc death
2020-11-14,37,3736,race/ethnicity,Black,inc death
2020-11-21,37,3864,race/ethnicity,Black,inc death
2020-11-28,37,3533,race/ethnicity,Black,inc death
2020-12-05,37,5124,race/ethnicity,Black,inc death
2020-12-12,37,5008,race/ethnicity,Black,inc death
2020-12-19,37,4841,race/ethnicity,Black,inc death
2020-12-26,37,4566,race/ethnicity,Black,inc death
2021-01-02,37,6077,race/ethnicity,Black,inc death
2021-01-09,37,7189,race/ethnicity,Black,inc death
2021-01-16,37,6141,race/ethnicity,Black,inc death
2021-01-23,37,5147,race/ethnicity,Black,inc death
2021-01-30,37,4460,race/ethnicity,Black,inc death
2021-02-06,37,4370,race/ethnicity,Black,inc death
2021-02-13,37,3542,race/ethnicity,Black,inc death
2021-02-20,37,2771,race/ethnicity,Black,inc death
2021-02-27,37,2361,race/ethnicity,Black,inc death
2021-03-06,37,1994,race/ethnicity,Black,inc death
2021-03-13,37,1808,race/ethnicity,Black,inc death
2021-03-20,37,2054,race/ethnicity,Black,inc death
2021-03-27,37,2408,race/ethnicity,Black,inc death
2021-04-03,37,2533,race/ethnicity,Black,inc death
2020-03-07,37,0,race/ethnicity,Other,inc death
2020-03-14,37,3,race/ethnicity,Other,inc death
2020-03-21,37,26,race/ethnicity,Other,inc death
2020-03-28,37,65,race/ethnicity,Other,inc death
2020-04-04,37,77,race/ethnicity,Other,inc death
2020-04-11,37,154,race/ethnicity,Other,inc death
2020-04-18,37,222,race/ethnicity,Other,inc death
2020-04-25,37,371,race/ethnicity,Other,inc death
2020-05-02,37,428,race/ethnicity,Other,inc death
2020-05-09,37,492,race/ethnicity,Other,inc death
2020-05-16,37,681,race/ethnicity,Other,inc death
2020-05-23,37,900,race/ethnicity,Other,inc death
2020-05-30,37,1162,race/ethnicity,Other,inc death
2020-06-06,37,1624,race/ethnicity,Other,inc death
2020-06-13,37,1679,race/ethnicity,Other,inc death
2020-06-20,37,1577,race/ethnicity,Other,inc death
2020-06-27,37,1672,race/ethnicity,Other,inc death
2020-07-04,37,1715,race/ethnicity,Other,inc death
2020-07-11,37,1883,race/ethnicity,Other,inc death
2020-07-18,37,1964,race/ethnicity,Other,inc death
2020-07-25,37,1872,race/ethnicity,Other,inc death
2020-08-01,37,1587,race/ethnicity,Other,inc death
2020-08-08,37,1259,race/ethnicity,Other,inc death
2020-08-15,37,1187,race/ethnicity,Other,inc death
2020-08-22,37,1402,race/ethnicity,Other,inc death
2020-08-29,37,1618,race/ethnicity,Other,inc death
2020-09-05,37,1278,race/ethnicity,Other,inc death
2020-09-12,37,1020,race/ethnicity,Other,inc death
2020-09-19,37,915,race/ethnicity,Other,inc death
2020-09-26,37,974,race/ethnicity,Other,inc death
2020-10-03,37,1312,race/ethnicity,Other,inc death
2020-10-10,37,1466,race/ethnicity,Other,inc death
2020-10-17,37,1598,race/ethnicity,Other,inc death
2020-10-24,37,1629,race/ethnicity,Other,inc death
2020-10-31,37,1621,race/ethnicity,Other,inc death
2020-11-07,37,1949,race/ethnicity,Other,inc death
2020-11-14,37,2452,race/ethnicity,Other,inc death
2020-11-21,37,2748,race/ethnicity,Other,inc death
2020-11-28,37,2566,race/ethnicity,Other,inc death
2020-12-05,37,4279,race/ethnicity,Other,inc death
2020-12-12,37,4803,race/ethnicity,Other,inc death
2020-12-19,37,5206,race/ethnicity,Other,inc death
2020-12-26,37,4106,race/ethnicity,Other,inc death
2021-01-02,37,6946,race/ethnicity,Other,inc death
2021-01-09,37,7039,race/ethnicity,Other,inc death
2021-01-16,37,6595,race/ethnicity,Other,inc death
2021-01-23,37,5540,race/ethnicity,Other,inc death
2021-01-30,37,4632,race/ethnicity,Other,inc death
2021-02-06,37,3546,race/ethnicity,Other,inc death
2021-02-13,37,2725,race/ethnicity,Other,inc death
2021-02-20,37,2087,race/ethnicity,Other,inc death
2021-02-27,37,1711,race/ethnicity,Other,inc death
2021-03-06,37,1540,race/ethnicity,Other,inc death
2021-03-13,37,1283,race/ethnicity,Other,inc death
2021-03-20,37,1373,race/ethnicity,Other,inc death
2021-03-27,37,1639,race/ethnicity,Other,inc death
2021-04-03,37,1413,race/ethnicity,Other,inc death
2020-03-07,37,0,race/ethnicity,Asian,inc death
2020-03-14,37,2,race/ethnicity,Asian,inc death
2020-03-21,37,20,race/ethnicity,Asian,inc death
2020-03-28,37,20,race/ethnicity,Asian,inc death
2020-04-04,37,27,race/ethnicity,Asian,inc death
2020-04-11,37,29,race/ethnicity,Asian,inc death
2020-04-18,37,14,race/ethnicity,Asian,inc death
2020-04-25,37,67,race/ethnicity,Asian,inc death
2020-05-02,37,106,race/ethnicity,Asian,inc death
2020-05-09,37,99,race/ethnicity,Asian,inc death
2020-05-16,37,157,race/ethnicity,Asian,inc death
2020-05-23,37,169,race/ethnicity,Asian,inc death
2020-05-30,37,120,race/ethnicity,Asian,inc death
2020-06-06,37,126,race/ethnicity,Asian,inc death
2020-06-13,37,141,race/ethnicity,Asian,inc death
2020-06-20,37,114,race/ethnicity,Asian,inc death
2020-06-27,37,146,race/ethnicity,Asian,inc death
2020-07-04,37,108,race/ethnicity,Asian,inc death
2020-07-11,37,145,race/ethnicity,Asian,inc death
2020-07-18,37,149,race/ethnicity,Asian,inc death
2020-07-25,37,135,race/ethnicity,Asian,inc death
2020-08-01,37,151,race/ethnicity,Asian,inc death
2020-08-08,37,171,race/ethnicity,Asian,inc death
2020-08-15,37,168,race/ethnicity,Asian,inc death
2020-08-22,37,249,race/ethnicity,Asian,inc death
2020-08-29,37,230,race/ethnicity,Asian,inc death
2020-09-05,37,203,race/ethnicity,Asian,inc death
2020-09-12,37,156,race/ethnicity,Asian,inc death
2020-09-19,37,192,race/ethnicity,Asian,inc death
2020-09-26,37,164,race/ethnicity,Asian,inc death
2020-10-03,37,161,race/ethnicity,Asian,inc death
2020-10-10,37,168,race/ethnicity,Asian,inc death
2020-10-17,37,179,race/ethnicity,Asian,inc death
2020-10-24,37,248,race/ethnicity,Asian,inc death
2020-10-31,37,244,race/ethnicity,Asian,inc death
2020-11-07,37,248,race/ethnicity,Asian,inc death
2020-11-14,37,330,race/ethnicity,Asian,inc death
2020-11-21,37,327,race/ethnicity,Asian,inc death
2020-11-28,37,348,race/ethnicity,Asian,inc death
2020-12-05,37,592,race/ethnicity,Asian,inc death
2020-12-12,37,549,race/ethnicity,Asian,inc death
2020-12-19,37,555,race/ethnicity,Asian,inc death
2020-12-26,37,501,race/ethnicity,Asian,inc death
2021-01-02,37,776,race/ethnicity,Asian,inc death
2021-01-09,37,1081,race/ethnicity,Asian,inc death
2021-01-16,37,717,race/ethnicity,Asian,inc death
2021-01-23,37,569,race/ethnicity,Asian,inc death
2021-01-30,37,547,race/ethnicity,Asian,inc death
2021-02-06,37,434,race/ethnicity,Asian,inc death
2021-02-13,37,334,race/ethnicity,Asian,inc death
2021-02-20,37,261,race/ethnicity,Asian,inc death
2021-02-27,37,241,race/ethnicity,Asian,inc death
2021-03-06,37,217,race/ethnicity,Asian,inc death
2021-03-13,37,242,race/ethnicity,Asian,inc death
2021-03-20,37,256,race/ethnicity,Asian,inc death
2021-03-27,37,226,race/ethnicity,Asian,inc death
2021-04-03,37,203,race/ethnicity,Asian,inc death
2020-03-07,37,0,race/ethnicity,White,inc case
2020-03-14,37,35,race/ethnicity,White,inc case
2020-03-21,37,423,race/ethnicity,White,inc case
2020-03-28,37,567,race/ethnicity,White,inc case
2020-04-04,37,517,race/ethnicity,White,inc case
2020-04-11,37,897,race/ethnicity,White,inc case
2020-04-18,37,751,race/ethnicity,White,inc case
2020-04-25,37,1146,race/ethnicity,White,inc case
2020-05-02,37,1109,race/ethnicity,White,inc case
2020-05-09,37,1471,race/ethnicity,White,inc case
2020-05-16,37,1845,race/ethnicity,White,inc case
2020-05-23,37,2187,race/ethnicity,White,inc case
2020-05-30,37,2343,race/ethnicity,White,inc case
2020-06-06,37,3082,race/ethnicity,White,inc case
2020-06-13,37,3493,race/ethnicity,White,inc case
2020-06-20,37,4225,race/ethnicity,White,inc case
2020-06-27,37,5042,race/ethnicity,White,inc case
2020-07-04,37,5087,race/ethnicity,White,inc case
2020-07-11,37,6050,race/ethnicity,White,inc case
2020-07-18,37,5757,race/ethnicity,White,inc case
2020-07-25,37,5647,race/ethnicity,White,inc case
2020-08-01,37,5320,race/ethnicity,White,inc case
2020-08-08,37,4838,race/ethnicity,White,inc case
2020-08-15,37,4686,race/ethnicity,White,inc case
2020-08-22,37,5775,race/ethnicity,White,inc case
2020-08-29,37,5568,race/ethnicity,White,inc case
2020-09-05,37,5010,race/ethnicity,White,inc case
2020-09-12,37,4537,race/ethnicity,White,inc case
2020-09-19,37,4795,race/ethnicity,White,inc case
2020-09-26,37,4930,race/ethnicity,White,inc case
2020-10-03,37,6754,race/ethnicity,White,inc case
2020-10-10,37,7429,race/ethnicity,White,inc case
2020-10-17,37,7902,race/ethnicity,White,inc case
2020-10-24,37,8238,race/ethnicity,White,inc case
2020-10-31,37,8637,race/ethnicity,White,inc case
2020-11-07,37,9525,race/ethnicity,White,inc case
2020-11-14,37,12490,race/ethnicity,White,inc case
2020-11-21,37,12680,race/ethnicity,White,inc case
2020-11-28,37,11655,race/ethnicity,White,inc case
2020-12-05,37,17651,race/ethnicity,White,inc case
2020-12-12,37,17501,race/ethnicity,White,inc case
2020-12-19,37,19032,race/ethnicity,White,inc case
2020-12-26,37,15809,race/ethnicity,White,inc case
2021-01-02,37,22207,race/ethnicity,White,inc case
2021-01-09,37,23207,race/ethnicity,White,inc case
2021-01-16,37,19067,race/ethnicity,White,inc case
2021-01-23,37,15561,race/ethnicity,White,inc case
2021-01-30,37,12968,race/ethnicity,White,inc case
2021-02-06,37,11281,race/ethnicity,White,inc case
2021-02-13,37,10907,race/ethnicity,White,inc case
2021-02-20,37,8966,race/ethnicity,White,inc case
2021-02-27,37,7177,race/ethnicity,White,inc case
2021-03-06,37,5837,race/ethnicity,White,inc case
2021-03-13,37,5577,race/ethnicity,White,inc case
2021-03-20,37,5631,race/ethnicity,White,inc case
2021-03-27,37,6074,race/ethnicity,White,inc case
2021-04-03,37,5566,race/ethnicity,White,inc case
2020-03-07,37,0,race/ethnicity,Black,inc case
2020-03-14,37,8,race/ethnicity,Black,inc case
2020-03-21,37,173,race/ethnicity,Black,inc case
2020-03-28,37,338,race/ethnicity,Black,inc case
2020-04-04,37,448,race/ethnicity,Black,inc case
2020-04-11,37,592,race/ethnicity,Black,inc case
2020-04-18,37,675,race/ethnicity,Black,inc case
2020-04-25,37,777,race/ethnicity,Black,inc case
2020-05-02,37,559,race/ethnicity,Black,inc case
2020-05-09,37,647,race/ethnicity,Black,inc case
2020-05-16,37,707,race/ethnicity,Black,inc case
2020-05-23,37,832,race/ethnicity,Black,inc case
2020-05-30,37,746,race/ethnicity,Black,inc case
2020-06-06,37,880,race/ethnicity,Black,inc case
2020-06-13,37,974,race/ethnicity,Black,inc case
2020-06-20,37,1091,race/ethnicity,Black,inc case
2020-06-27,37,1565,race/ethnicity,Black,inc case
2020-07-04,37,2005,race/ethnicity,Black,inc case
2020-07-11,37,2394,race/ethnicity,Black,inc case
2020-07-18,37,2616,race/ethnicity,Black,inc case
2020-07-25,37,2379,race/ethnicity,Black,inc case
2020-08-01,37,2054,race/ethnicity,Black,inc case
2020-08-08,37,1762,race/ethnicity,Black,inc case
2020-08-15,37,1701,race/ethnicity,Black,inc case
2020-08-22,37,1686,race/ethnicity,Black,inc case
2020-08-29,37,1796,race/ethnicity,Black,inc case
2020-09-05,37,1468,race/ethnicity,Black,inc case
2020-09-12,37,1341,race/ethnicity,Black,inc case
2020-09-19,37,1609,race/ethnicity,Black,inc case
2020-09-26,37,1622,race/ethnicity,Black,inc case
2020-10-03,37,1810,race/ethnicity,Black,inc case
2020-10-10,37,1824,race/ethnicity,Black,inc case
2020-10-17,37,2307,race/ethnicity,Black,inc case
2020-10-24,37,2707,race/ethnicity,Black,inc case
2020-10-31,37,2447,race/ethnicity,Black,inc case
2020-11-07,37,2819,race/ethnicity,Black,inc case
2020-11-14,37,3736,race/ethnicity,Black,inc case
2020-11-21,37,3864,race/ethnicity,Black,inc case
2020-11-28,37,3533,race/ethnicity,Black,inc case
2020-12-05,37,5124,race/ethnicity,Black,inc case
2020-12-12,37,5008,race/ethnicity,Black,inc case
2020-12-19,37,4841,race/ethnicity,Black,inc case
2020-12-26,37,4566,race/ethnicity,Black,inc case
2021-01-02,37,6077,race/ethnicity,Black,inc case
2021-01-09,37,7189,race/ethnicity,Black,inc case
2021-01-16,37,6141,race/ethnicity,Black,inc case
2021-01-23,37,5147,race/ethnicity,Black,inc case
2021-01-30,37,4460,race/ethnicity,Black,inc case
2021-02-06,37,4370,race/ethnicity,Black,inc case
2021-02-13,37,3542,race/ethnicity,Black,inc case
2021-02-20,37,2771,race/ethnicity,Black,inc case
2021-02-27,37,2361,race/ethnicity,Black,inc case
2021-03-06,37,1994,race/ethnicity,Black,inc case
2021-03-13,37,1808,race/ethnicity,Black,inc case
2021-03-20,37,2054,race/ethnicity,Black,inc case
2021-03-27,37,2408,race/ethnicity,Black,inc case
2021-04-03,37,2533,race/ethnicity,Black,inc case
2020-03-07,37,0,race/ethnicity,Other,inc case
2020-03-14,37,3,race/ethnicity,Other,inc case
2020-03-21,37,26,race/ethnicity,Other,inc case
2020-03-28,37,65,race/ethnicity,Other,inc case
2020-04-04,37,77,race/ethnicity,Other,inc case
2020-04-11,37,154,race/ethnicity,Other,inc case
2020-04-18,37,222,race/ethnicity,Other,inc case
2020-04-25,37,371,race/ethnicity,Other,inc case
2020-05-02,37,428,race/ethnicity,Other,inc case
2020-05-09,37,492,race/ethnicity,Other,inc case
2020-05-16,37,681,race/ethnicity,Other,inc case
2020-05-23,37,900,race/ethnicity,Other,inc case
2020-05-30,37,1162,race/ethnicity,Other,inc case
2020-06-06,37,1624,race/ethnicity,Other,inc case
2020-06-13,37,1679,race/ethnicity,Other,inc case
2020-06-20,37,1577,race/ethnicity,Other,inc case
2020-06-27,37,1672,race/ethnicity,Other,inc case
2020-07-04,37,1715,race/ethnicity,Other,inc case
2020-07-11,37,1883,race/ethnicity,Other,inc case
2020-07-18,37,1964,race/ethnicity,Other,inc case
2020-07-25,37,1872,race/ethnicity,Other,inc case
2020-08-01,37,1587,race/ethnicity,Other,inc case
2020-08-08,37,1259,race/ethnicity,Other,inc case
2020-08-15,37,1187,race/ethnicity,Other,inc case
2020-08-22,37,1402,race/ethnicity,Other,inc case
2020-08-29,37,1618,race/ethnicity,Other,inc case
2020-09-05,37,1278,race/ethnicity,Other,inc case
2020-09-12,37,1020,race/ethnicity,Other,inc case
2020-09-19,37,915,race/ethnicity,Other,inc case
2020-09-26,37,974,race/ethnicity,Other,inc case
2020-10-03,37,1312,race/ethnicity,Other,inc case
2020-10-10,37,1466,race/ethnicity,Other,inc case
2020-10-17,37,1598,race/ethnicity,Other,inc case
2020-10-24,37,1629,race/ethnicity,Other,inc case
2020-10-31,37,1621,race/ethnicity,Other,inc case
2020-11-07,37,1949,race/ethnicity,Other,inc case
2020-11-14,37,2452,race/ethnicity,Other,inc case
2020-11-21,37,2748,race/ethnicity,Other,inc case
2020-11-28,37,2566,race/ethnicity,Other,inc case
2020-12-05,37,4279,race/ethnicity,Other,inc case
2020-12-12,37,4803,race/ethnicity,Other,inc case
2020-12-19,37,5206,race/ethnicity,Other,inc case
2020-12-26,37,4106,race/ethnicity,Other,inc case
2021-01-02,37,6946,race/ethnicity,Other,inc case
2021-01-09,37,7039,race/ethnicity,Other,inc case
2021-01-16,37,6595,race/ethnicity,Other,inc case
2021-01-23,37,5540,race/ethnicity,Other,inc case
2021-01-30,37,4632,race/ethnicity,Other,inc case
2021-02-06,37,3546,race/ethnicity,Other,inc case
2021-02-13,37,2725,race/ethnicity,Other,inc case
2021-02-20,37,2087,race/ethnicity,Other,inc case
2021-02-27,37,1711,race/ethnicity,Other,inc case
2021-03-06,37,1540,race/ethnicity,Other,inc case
2021-03-13,37,1283,race/ethnicity,Other,inc case
2021-03-20,37,1373,race/ethnicity,Other,inc case
2021-03-27,37,1639,race/ethnicity,Other,inc case
2021-04-03,37,1413,race/ethnicity,Other,inc case
2020-03-07,37,0,race/ethnicity,Asian,inc case
2020-03-14,37,2,race/ethnicity,Asian,inc case
2020-03-21,37,20,race/ethnicity,Asian,inc case
2020-03-28,37,20,race/ethnicity,Asian,inc case
2020-04-04,37,27,race/ethnicity,Asian,inc case
2020-04-11,37,29,race/ethnicity,Asian,inc case
2020-04-18,37,14,race/ethnicity,Asian,inc case
2020-04-25,37,67,race/ethnicity,Asian,inc case
2020-05-02,37,106,race/ethnicity,Asian,inc case
2020-05-09,37,99,race/ethnicity,Asian,inc case
2020-05-16,37,157,race/ethnicity,Asian,inc case
2020-05-23,37,169,race/ethnicity,Asian,inc case
2020-05-30,37,120,race/ethnicity,Asian,inc case
2020-06-06,37,126,race/ethnicity,Asian,inc case
2020-06-13,37,141,race/ethnicity,Asian,inc case
2020-06-20,37,114,race/ethnicity,Asian,inc case
2020-06-27,37,146,race/ethnicity,Asian,inc case
2020-07-04,37,108,race/ethnicity,Asian,inc case
2020-07-11,37,145,race/ethnicity,Asian,inc case
2020-07-18,37,149,race/ethnicity,Asian,inc case
2020-07-25,37,135,race/ethnicity,Asian,inc case
2020-08-01,37,151,race/ethnicity,Asian,inc case
2020-08-08,37,171,race/ethnicity,Asian,inc case
2020-08-15,37,168,race/ethnicity,Asian,inc case
2020-08-22,37,249,race/ethnicity,Asian,inc case
2020-08-29,37,230,race/ethnicity,Asian,inc case
2020-09-05,37,203,race/ethnicity,Asian,inc case
2020-09-12,37,156,race/ethnicity,Asian,inc case
2020-09-19,37,192,race/ethnicity,Asian,inc case
2020-09-26,37,164,race/ethnicity,Asian,inc case
2020-10-03,37,161,race/ethnicity,Asian,inc case
2020-10-10,37,168,race/ethnicity,Asian,inc case
2020-10-17,37,179,race/ethnicity,Asian,inc case
2020-10-24,37,248,race/ethnicity,Asian,inc case
2020-10-31,37,244,race/ethnicity,Asian,inc case
2020-11-07,37,248,race/ethnicity,Asian,inc case
2020-11-14,37,330,race/ethnicity,Asian,inc case
2020-11-21,37,327,race/ethnicity,Asian,inc case
2020-11-28,37,348,race/ethnicity,Asian,inc case
2020-12-05,37,592,race/ethnicity,Asian,inc case
2020-12-12,37,549,race/ethnicity,Asian,inc case
2020-12-19,37,555,race/ethnicity,Asian,inc case
2020-12-26,37,501,race/ethnicity,Asian,inc case
2021-01-02,37,776,race/ethnicity,Asian,inc case
2021-01-09,37,1081,race/ethnicity,Asian,inc case
2021-01-16,37,717,race/ethnicity,Asian,inc case
2021-01-23,37,569,race/ethnicity,Asian,inc case
2021-01-30,37,547,race/ethnicity,Asian,inc case
2021-02-06,37,434,race/ethnicity,Asian,inc case
2021-02-13,37,334,race/ethnicity,Asian,inc case
2021-02-20,37,261,race/ethnicity,Asian,inc case
2021-02-27,37,241,race/ethnicity,Asian,inc case
2021-03-06,37,217,race/ethnicity,Asian,inc case
2021-03-13,37,242,race/ethnicity,Asian,inc case
2021-03-20,37,256,race/ethnicity,Asian,inc case
2021-03-27,37,226,race/ethnicity,Asian,inc case
2021-04-03,37,203,race/ethnicity,Asian,inc case
