FIPSCode,LocationType,Location,Race_Ethnicity,TimeFrame,DataFormat,Data
6,State,California,African American_Black,2021,Percent,5.2
6,State,California,American Indian_Alaska Native,2021,Percent,0.5
6,State,California,Asian,2021,Percent,9.5
6,State,California,Filipino,2021,Percent,2.4
6,State,California,Hispanic_Latino,2021,Percent,55.3
6,State,California,Multiracial,2021,Percent,4.1
6,State,California,Native Hawaiian_Pacific Islander,2021,Percent,0.4
6,State,California,White,2021,Percent,21.7
6081,County,San Mateo County,African American_Black,2021,Percent,1.3
6081,County,San Mateo County,American Indian_Alaska Native,2021,Percent,0.1
6081,County,San Mateo County,Asian,2021,Percent,16.7
6081,County,San Mateo County,Filipino,2021,Percent,7.9
6081,County,San Mateo County,Hispanic_Latino,2021,Percent,38
6081,County,San Mateo County,Multiracial,2021,Percent,7.7
6081,County,San Mateo County,Native Hawaiian_Pacific Islander,2021,Percent,1.7
6081,County,San Mateo County,White,2021,Percent,25.5
6085,County,Santa Clara County,African American_Black,2021,Percent,1.8
6085,County,Santa Clara County,American Indian_Alaska Native,2021,Percent,0.3
6085,County,Santa Clara County,Asian,2021,Percent,31
6085,County,Santa Clara County,Filipino,2021,Percent,3.9
6085,County,Santa Clara County,Hispanic_Latino,2021,Percent,38.4
6085,County,Santa Clara County,Multiracial,2021,Percent,5.5
6085,County,Santa Clara County,Native Hawaiian_Pacific Islander,2021,Percent,0.4
6085,County,Santa Clara County,White,2021,Percent,17.8
6001,County,Alameda County,African American_Black,2021,Percent,8.8
6001,County,Alameda County,American Indian_Alaska Native,2021,Percent,0.3
6001,County,Alameda County,Asian,2021,Percent,27.5
6001,County,Alameda County,Filipino,2021,Percent,4.5
6001,County,Alameda County,Hispanic_Latino,2021,Percent,34
6001,County,Alameda County,Multiracial,2021,Percent,6.3
6001,County,Alameda County,Native Hawaiian_Pacific Islander,2021,Percent,1
6001,County,Alameda County,White,2021,Percent,16.4
6013,County,Contra Costa County,African American_Black,2021,Percent,8.4
6013,County,Contra Costa County,American Indian_Alaska Native,2021,Percent,0.3
6013,County,Contra Costa County,Asian,2021,Percent,13.4
6013,County,Contra Costa County,Filipino,2021,Percent,4.2
6013,County,Contra Costa County,Hispanic_Latino,2021,Percent,37.2
6013,County,Contra Costa County,Multiracial,2021,Percent,6.8
6013,County,Contra Costa County,Native Hawaiian_Pacific Islander,2021,Percent,0.6
6013,County,Contra Costa County,White,2021,Percent,27.6
6041,County,Marin County,African American_Black,2021,Percent,1.7
6041,County,Marin County,American Indian_Alaska Native,2021,Percent,0.4
6041,County,Marin County,Asian,2021,Percent,4.6
6041,County,Marin County,Filipino,2021,Percent,0.6
6041,County,Marin County,Hispanic_Latino,2021,Percent,32.5
6041,County,Marin County,Multiracial,2021,Percent,6.3
6041,County,Marin County,Native Hawaiian_Pacific Islander,2021,Percent,0.2
6041,County,Marin County,White,2021,Percent,52.8
6075,County,San Francisco County,African American_Black,2021,Percent,7.6
6075,County,San Francisco County,American Indian_Alaska Native,2021,Percent,0.3
6075,County,San Francisco County,Asian,2021,Percent,29.5
6075,County,San Francisco County,Filipino,2021,Percent,3.8
6075,County,San Francisco County,Hispanic_Latino,2021,Percent,31.9
6075,County,San Francisco County,Multiracial,2021,Percent,6.4
6075,County,San Francisco County,Native Hawaiian_Pacific Islander,2021,Percent,0.8
6075,County,San Francisco County,White,2021,Percent,14.6
6083,County,Santa Barbara County,African American_Black,2021,Percent,0.8
6083,County,Santa Barbara County,American Indian_Alaska Native,2021,Percent,0.4
6083,County,Santa Barbara County,Asian,2021,Percent,1.5
6083,County,Santa Barbara County,Filipino,2021,Percent,1
6083,County,Santa Barbara County,Hispanic_Latino,2021,Percent,71.2
6083,County,Santa Barbara County,Multiracial,2021,Percent,2.7
6083,County,Santa Barbara County,Native Hawaiian_Pacific Islander,2021,Percent,0.1
6083,County,Santa Barbara County,White,2021,Percent,21.4
6053,County,Monterey County,African American_Black,2021,Percent,1.2
6053,County,Monterey County,American Indian_Alaska Native,2021,Percent,0.2
6053,County,Monterey County,Asian,2021,Percent,1.6
6053,County,Monterey County,Filipino,2021,Percent,1.5
6053,County,Monterey County,Hispanic_Latino,2021,Percent,81.6
6053,County,Monterey County,Multiracial,2021,Percent,1.6
6053,County,Monterey County,Native Hawaiian_Pacific Islander,2021,Percent,0.4
6053,County,Monterey County,White,2021,Percent,11.2
6015,County,Del Norte County,African American_Black,2021,Percent,0.7
6015,County,Del Norte County,American Indian_Alaska Native,2021,Percent,14.3
6015,County,Del Norte County,Asian,2021,Percent,4.2
6015,County,Del Norte County,Filipino,2021,Percent,0.5
6015,County,Del Norte County,Hispanic_Latino,2021,Percent,22.4
6015,County,Del Norte County,Multiracial,2021,Percent,7.6
6015,County,Del Norte County,Native Hawaiian_Pacific Islander,2021,Percent,0.1
6015,County,Del Norte County,White,2021,Percent,50.3
6093,County,Siskiyou County,African American_Black,2021,Percent,1.2
6093,County,Siskiyou County,American Indian_Alaska Native,2021,Percent,6.1
6093,County,Siskiyou County,Asian,2021,Percent,2.7
6093,County,Siskiyou County,Filipino,2021,Percent,0.2
6093,County,Siskiyou County,Hispanic_Latino,2021,Percent,17.5
6093,County,Siskiyou County,Multiracial,2021,Percent,10.1
6093,County,Siskiyou County,Native Hawaiian_Pacific Islander,2021,Percent,0.3
6093,County,Siskiyou County,White,2021,Percent,58.5
6049,County,Modoc County,African American_Black,2021,Percent,0.9
6049,County,Modoc County,American Indian_Alaska Native,2021,Percent,5.6
6049,County,Modoc County,Asian,2021,Percent,0.5
6049,County,Modoc County,Filipino,2021,Percent,0.4
6049,County,Modoc County,Hispanic_Latino,2021,Percent,36.7
6049,County,Modoc County,Multiracial,2021,Percent,2.9
6049,County,Modoc County,Native Hawaiian_Pacific Islander,2021,Percent,0.4
6049,County,Modoc County,White,2021,Percent,50.9
6023,County,Humboldt County,African American_Black,2021,Percent,1.1
6023,County,Humboldt County,American Indian_Alaska Native,2021,Percent,8.8
6023,County,Humboldt County,Asian,2021,Percent,3.3
6023,County,Humboldt County,Filipino,2021,Percent,0.2
6023,County,Humboldt County,Hispanic_Latino,2021,Percent,19.3
6023,County,Humboldt County,Multiracial,2021,Percent,9.4
6023,County,Humboldt County,Native Hawaiian_Pacific Islander,2021,Percent,2.3
6023,County,Humboldt County,White,2021,Percent,54.5
6105,County,Trinity County,African American_Black,2021,Percent,0.2
6105,County,Trinity County,American Indian_Alaska Native,2021,Percent,5.1
6105,County,Trinity County,Asian,2021,Percent,6.1
6105,County,Trinity County,Filipino,2021,Percent,0
6105,County,Trinity County,Hispanic_Latino,2021,Percent,10.6
6105,County,Trinity County,Multiracial,2021,Percent,8.6
6105,County,Trinity County,Native Hawaiian_Pacific Islander,2021,Percent,0.1
6105,County,Trinity County,White,2021,Percent,67.8
6089,County,Shasta County,African American_Black,2021,Percent,1.2
6089,County,Shasta County,American Indian_Alaska Native,2021,Percent,3.8
6089,County,Shasta County,Asian,2021,Percent,3.5
6089,County,Shasta County,Filipino,2021,Percent,0.3
6089,County,Shasta County,Hispanic_Latino,2021,Percent,16.5
6089,County,Shasta County,Multiracial,2021,Percent,6.8
6089,County,Shasta County,Native Hawaiian_Pacific Islander,2021,Percent,0.3
6089,County,Shasta County,White,2021,Percent,65.8
6035,County,Lassen County,African American_Black,2021,Percent,1.1
6035,County,Lassen County,American Indian_Alaska Native,2021,Percent,3.8
6035,County,Lassen County,Asian,2021,Percent,0.8
6035,County,Lassen County,Filipino,2021,Percent,0.5
6035,County,Lassen County,Hispanic_Latino,2021,Percent,19.7
6035,County,Lassen County,Multiracial,2021,Percent,6.3
6035,County,Lassen County,Native Hawaiian_Pacific Islander,2021,Percent,1.7
6035,County,Lassen County,White,2021,Percent,65.5
6045,County,Mendocino County,African American_Black,2021,Percent,0.6
6045,County,Mendocino County,American Indian_Alaska Native,2021,Percent,6.5
6045,County,Mendocino County,Asian,2021,Percent,0.8
6045,County,Mendocino County,Filipino,2021,Percent,0.4
6045,County,Mendocino County,Hispanic_Latino,2021,Percent,45.9
6045,County,Mendocino County,Multiracial,2021,Percent,4.1
6045,County,Mendocino County,Native Hawaiian_Pacific Islander,2021,Percent,0.1
6045,County,Mendocino County,White,2021,Percent,38.6
6103,County,Tehama County,African American_Black,2021,Percent,0.8
6103,County,Tehama County,American Indian_Alaska Native,2021,Percent,2.1
6103,County,Tehama County,Asian,2021,Percent,1.1
6103,County,Tehama County,Filipino,2021,Percent,0.2
6103,County,Tehama County,Hispanic_Latino,2021,Percent,43.1
6103,County,Tehama County,Multiracial,2021,Percent,2.9
6103,County,Tehama County,Native Hawaiian_Pacific Islander,2021,Percent,0.2
6103,County,Tehama County,White,2021,Percent,49.1
6063,County,Plumas County,African American_Black,2021,Percent,1
6063,County,Plumas County,American Indian_Alaska Native,2021,Percent,3.7
6063,County,Plumas County,Asian,2021,Percent,0.5
6063,County,Plumas County,Filipino,2021,Percent,0.2
6063,County,Plumas County,Hispanic_Latino,2021,Percent,17.1
6063,County,Plumas County,Multiracial,2021,Percent,7.8
6063,County,Plumas County,Native Hawaiian_Pacific Islander,2021,Percent,0
6063,County,Plumas County,White,2021,Percent,67.8
6007,County,Butte County,African American_Black,2021,Percent,2
6007,County,Butte County,American Indian_Alaska Native,2021,Percent,2.1
6007,County,Butte County,Asian,2021,Percent,6
6007,County,Butte County,Filipino,2021,Percent,0.4
6007,County,Butte County,Hispanic_Latino,2021,Percent,25.7
6007,County,Butte County,Multiracial,2021,Percent,6.5
6007,County,Butte County,Native Hawaiian_Pacific Islander,2021,Percent,0.3
6007,County,Butte County,White,2021,Percent,55.4
6021,County,Glenn County,African American_Black,2021,Percent,0.5
6021,County,Glenn County,American Indian_Alaska Native,2021,Percent,1.9
6021,County,Glenn County,Asian,2021,Percent,2.1
6021,County,Glenn County,Filipino,2021,Percent,0.1
6021,County,Glenn County,Hispanic_Latino,2021,Percent,55.5
6021,County,Glenn County,Multiracial,2021,Percent,2.1
6021,County,Glenn County,Native Hawaiian_Pacific Islander,2021,Percent,0.1
6021,County,Glenn County,White,2021,Percent,36.8
6091,County,Sierra County,African American_Black,2021,Percent,0.8
6091,County,Sierra County,American Indian_Alaska Native,2021,Percent,0.3
6091,County,Sierra County,Asian,2021,Percent,1
6091,County,Sierra County,Filipino,2021,Percent,0
6091,County,Sierra County,Hispanic_Latino,2021,Percent,17
6091,County,Sierra County,Multiracial,2021,Percent,3.3
6091,County,Sierra County,Native Hawaiian_Pacific Islander,2021,Percent,0.3
6091,County,Sierra County,White,2021,Percent,74.4
6057,County,Nevada County,African American_Black,2021,Percent,1.2
6057,County,Nevada County,American Indian_Alaska Native,2021,Percent,1
6057,County,Nevada County,Asian,2021,Percent,1
6057,County,Nevada County,Filipino,2021,Percent,0.3
6057,County,Nevada County,Hispanic_Latino,2021,Percent,21.6
6057,County,Nevada County,Multiracial,2021,Percent,5.8
6057,County,Nevada County,Native Hawaiian_Pacific Islander,2021,Percent,0.2
6057,County,Nevada County,White,2021,Percent,65.2
6115,County,Yuba County,African American_Black,2021,Percent,3.5
6115,County,Yuba County,American Indian_Alaska Native,2021,Percent,1.6
6115,County,Yuba County,Asian,2021,Percent,6.9
6115,County,Yuba County,Filipino,2021,Percent,0.7
6115,County,Yuba County,Hispanic_Latino,2021,Percent,39.8
6115,County,Yuba County,Multiracial,2021,Percent,6.4
6115,County,Yuba County,Native Hawaiian_Pacific Islander,2021,Percent,0.4
6115,County,Yuba County,White,2021,Percent,39.3
6011,County,Colusa County,African American_Black,2021,Percent,0.8
6011,County,Colusa County,American Indian_Alaska Native,2021,Percent,1.2
6011,County,Colusa County,Asian,2021,Percent,1.1
6011,County,Colusa County,Filipino,2021,Percent,0.1
6011,County,Colusa County,Hispanic_Latino,2021,Percent,80
6011,County,Colusa County,Multiracial,2021,Percent,0.8
6011,County,Colusa County,Native Hawaiian_Pacific Islander,2021,Percent,0.2
6011,County,Colusa County,White,2021,Percent,15.6
6033,County,Lake County,African American_Black,2021,Percent,1.4
6033,County,Lake County,American Indian_Alaska Native,2021,Percent,4
6033,County,Lake County,Asian,2021,Percent,0.6
6033,County,Lake County,Filipino,2021,Percent,0.4
6033,County,Lake County,Hispanic_Latino,2021,Percent,40.2
6033,County,Lake County,Multiracial,2021,Percent,6.3
6033,County,Lake County,Native Hawaiian_Pacific Islander,2021,Percent,0.1
6033,County,Lake County,White,2021,Percent,46.2
6097,County,Sonoma County,African American_Black,2021,Percent,1.6
6097,County,Sonoma County,American Indian_Alaska Native,2021,Percent,0.8
6097,County,Sonoma County,Asian,2021,Percent,3.1
6097,County,Sonoma County,Filipino,2021,Percent,0.8
6097,County,Sonoma County,Hispanic_Latino,2021,Percent,47.2
6097,County,Sonoma County,Multiracial,2021,Percent,4.7
6097,County,Sonoma County,Native Hawaiian_Pacific Islander,2021,Percent,0.4
6097,County,Sonoma County,White,2021,Percent,40.6
6055,County,Napa County,African American_Black,2021,Percent,1.9
6055,County,Napa County,American Indian_Alaska Native,2021,Percent,0.2
6055,County,Napa County,Asian,2021,Percent,2.2
6055,County,Napa County,Filipino,2021,Percent,6.1
6055,County,Napa County,Hispanic_Latino,2021,Percent,57.7
6055,County,Napa County,Multiracial,2021,Percent,3.9
6055,County,Napa County,Native Hawaiian_Pacific Islander,2021,Percent,0.2
6055,County,Napa County,White,2021,Percent,27.7
6113,County,Yolo County,African American_Black,2021,Percent,2.9
6113,County,Yolo County,American Indian_Alaska Native,2021,Percent,0.5
6113,County,Yolo County,Asian,2021,Percent,10
6113,County,Yolo County,Filipino,2021,Percent,1.1
6113,County,Yolo County,Hispanic_Latino,2021,Percent,47.7
6113,County,Yolo County,Multiracial,2021,Percent,4.4
6113,County,Yolo County,Native Hawaiian_Pacific Islander,2021,Percent,0.6
6113,County,Yolo County,White,2021,Percent,31.9
6095,County,Solano County,African American_Black,2021,Percent,13.4
6095,County,Solano County,American Indian_Alaska Native,2021,Percent,0.3
6095,County,Solano County,Asian,2021,Percent,4
6095,County,Solano County,Filipino,2021,Percent,8.4
6095,County,Solano County,Hispanic_Latino,2021,Percent,41.1
6095,County,Solano County,Multiracial,2021,Percent,8.2
6095,County,Solano County,Native Hawaiian_Pacific Islander,2021,Percent,1.1
6095,County,Solano County,White,2021,Percent,22.7
6101,County,Sutter County,African American_Black,2021,Percent,2.5
6101,County,Sutter County,American Indian_Alaska Native,2021,Percent,0.8
6101,County,Sutter County,Asian,2021,Percent,13
6101,County,Sutter County,Filipino,2021,Percent,0.6
6101,County,Sutter County,Hispanic_Latino,2021,Percent,38.2
6101,County,Sutter County,Multiracial,2021,Percent,5.2
6101,County,Sutter County,Native Hawaiian_Pacific Islander,2021,Percent,0.4
6101,County,Sutter County,White,2021,Percent,37.7
6061,County,Placer County,African American_Black,2021,Percent,2.1
6061,County,Placer County,American Indian_Alaska Native,2021,Percent,0.6
6061,County,Placer County,Asian,2021,Percent,6.8
6061,County,Placer County,Filipino,2021,Percent,2.9
6061,County,Placer County,Hispanic_Latino,2021,Percent,21.3
6061,County,Placer County,Multiracial,2021,Percent,6.8
6061,County,Placer County,Native Hawaiian_Pacific Islander,2021,Percent,0.4
6061,County,Placer County,White,2021,Percent,57.6
6067,County,Sacramento County,African American_Black,2021,Percent,10.8
6067,County,Sacramento County,American Indian_Alaska Native,2021,Percent,0.5
6067,County,Sacramento County,Asian,2021,Percent,16.1
6067,County,Sacramento County,Filipino,2021,Percent,2.7
6067,County,Sacramento County,Hispanic_Latino,2021,Percent,32.6
6067,County,Sacramento County,Multiracial,2021,Percent,7.7
6067,County,Sacramento County,Native Hawaiian_Pacific Islander,2021,Percent,1.4
6067,County,Sacramento County,White,2021,Percent,27.7
6017,County,El Dorado County,African American_Black,2021,Percent,1
6017,County,El Dorado County,American Indian_Alaska Native,2021,Percent,0.8
6017,County,El Dorado County,Asian,2021,Percent,4.1
6017,County,El Dorado County,Filipino,2021,Percent,1.4
6017,County,El Dorado County,Hispanic_Latino,2021,Percent,20.3
6017,County,El Dorado County,Multiracial,2021,Percent,5.4
6017,County,El Dorado County,Native Hawaiian_Pacific Islander,2021,Percent,0.2
6017,County,El Dorado County,White,2021,Percent,66
6003,County,Alpine County,African American_Black,2021,Percent,S
6003,County,Alpine County,American Indian_Alaska Native,2021,Percent,S
6003,County,Alpine County,Asian,2021,Percent,S
6003,County,Alpine County,Filipino,2021,Percent,S
6003,County,Alpine County,Hispanic_Latino,2021,Percent,S
6003,County,Alpine County,Multiracial,2021,Percent,S
6003,County,Alpine County,Native Hawaiian_Pacific Islander,2021,Percent,S
6003,County,Alpine County,White,2021,Percent,S
6009,County,Calaveras County,African American_Black,2021,Percent,0.7
6009,County,Calaveras County,American Indian_Alaska Native,2021,Percent,1.6
6009,County,Calaveras County,Asian,2021,Percent,0.6
6009,County,Calaveras County,Filipino,2021,Percent,0.3
6009,County,Calaveras County,Hispanic_Latino,2021,Percent,22
6009,County,Calaveras County,Multiracial,2021,Percent,6.2
6009,County,Calaveras County,Native Hawaiian_Pacific Islander,2021,Percent,0.2
6009,County,Calaveras County,White,2021,Percent,67.9
6077,County,San Joaquin County,African American_Black,2021,Percent,7.4
6077,County,San Joaquin County,American Indian_Alaska Native,2021,Percent,0.6
6077,County,San Joaquin County,Asian,2021,Percent,12.3
6077,County,San Joaquin County,Filipino,2021,Percent,4.1
6077,County,San Joaquin County,Hispanic_Latino,2021,Percent,53.6
6077,County,San Joaquin County,Multiracial,2021,Percent,4
6077,County,San Joaquin County,Native Hawaiian_Pacific Islander,2021,Percent,0.7
6077,County,San Joaquin County,White,2021,Percent,16.5
6099,County,Stanislaus County,African American_Black,2021,Percent,2.4
6099,County,Stanislaus County,American Indian_Alaska Native,2021,Percent,0.6
6099,County,Stanislaus County,Asian,2021,Percent,4.3
6099,County,Stanislaus County,Filipino,2021,Percent,0.8
6099,County,Stanislaus County,Hispanic_Latino,2021,Percent,62.3
6099,County,Stanislaus County,Multiracial,2021,Percent,2.8
6099,County,Stanislaus County,Native Hawaiian_Pacific Islander,2021,Percent,0.7
6099,County,Stanislaus County,White,2021,Percent,24.2
6109,County,Tuolumne County,African American_Black,2021,Percent,0.6
6109,County,Tuolumne County,American Indian_Alaska Native,2021,Percent,2.4
6109,County,Tuolumne County,Asian,2021,Percent,0.8
6109,County,Tuolumne County,Filipino,2021,Percent,0.7
6109,County,Tuolumne County,Hispanic_Latino,2021,Percent,18.2
6109,County,Tuolumne County,Multiracial,2021,Percent,4.9
6109,County,Tuolumne County,Native Hawaiian_Pacific Islander,2021,Percent,0.4
6109,County,Tuolumne County,White,2021,Percent,70.6
6051,County,Mono County,African American_Black,2021,Percent,1
6051,County,Mono County,American Indian_Alaska Native,2021,Percent,1.3
6051,County,Mono County,Asian,2021,Percent,0.9
6051,County,Mono County,Filipino,2021,Percent,0.2
6051,County,Mono County,Hispanic_Latino,2021,Percent,58.5
6051,County,Mono County,Multiracial,2021,Percent,1.6
6051,County,Mono County,Native Hawaiian_Pacific Islander,2021,Percent,0.1
6051,County,Mono County,White,2021,Percent,36
6043,County,Mariposa County,African American_Black,2021,Percent,0.4
6043,County,Mariposa County,American Indian_Alaska Native,2021,Percent,3.8
6043,County,Mariposa County,Asian,2021,Percent,0.9
6043,County,Mariposa County,Filipino,2021,Percent,0.6
6043,County,Mariposa County,Hispanic_Latino,2021,Percent,21.8
6043,County,Mariposa County,Multiracial,2021,Percent,6.8
6043,County,Mariposa County,Native Hawaiian_Pacific Islander,2021,Percent,0
6043,County,Mariposa County,White,2021,Percent,64.1
6047,County,Merced County,African American_Black,2021,Percent,2.6
6047,County,Merced County,American Indian_Alaska Native,2021,Percent,0.5
6047,County,Merced County,Asian,2021,Percent,5.3
6047,County,Merced County,Filipino,2021,Percent,0.5
6047,County,Merced County,Hispanic_Latino,2021,Percent,75
6047,County,Merced County,Multiracial,2021,Percent,1.4
6047,County,Merced County,Native Hawaiian_Pacific Islander,2021,Percent,0.3
6047,County,Merced County,White,2021,Percent,13.8
6069,County,San Benito County,African American_Black,2021,Percent,0.5
6069,County,San Benito County,American Indian_Alaska Native,2021,Percent,0.3
6069,County,San Benito County,Asian,2021,Percent,1.3
6069,County,San Benito County,Filipino,2021,Percent,0.7
6069,County,San Benito County,Hispanic_Latino,2021,Percent,76.6
6069,County,San Benito County,Multiracial,2021,Percent,1.1
6069,County,San Benito County,Native Hawaiian_Pacific Islander,2021,Percent,0.2
6069,County,San Benito County,White,2021,Percent,16.9
6039,County,Madera County,African American_Black,2021,Percent,1.2
6039,County,Madera County,American Indian_Alaska Native,2021,Percent,1
6039,County,Madera County,Asian,2021,Percent,1.5
6039,County,Madera County,Filipino,2021,Percent,0.2
6039,County,Madera County,Hispanic_Latino,2021,Percent,75.6
6039,County,Madera County,Multiracial,2021,Percent,1.6
6039,County,Madera County,Native Hawaiian_Pacific Islander,2021,Percent,0.1
6039,County,Madera County,White,2021,Percent,18.2
6019,County,Fresno County,African American_Black,2021,Percent,4.7
6019,County,Fresno County,American Indian_Alaska Native,2021,Percent,0.6
6019,County,Fresno County,Asian,2021,Percent,9.5
6019,County,Fresno County,Filipino,2021,Percent,0.8
6019,County,Fresno County,Hispanic_Latino,2021,Percent,65.8
6019,County,Fresno County,Multiracial,2021,Percent,2.2
6019,County,Fresno County,Native Hawaiian_Pacific Islander,2021,Percent,0.2
6019,County,Fresno County,White,2021,Percent,15.9
6027,County,Inyo County,African American_Black,2021,Percent,6.3
6027,County,Inyo County,American Indian_Alaska Native,2021,Percent,10.5
6027,County,Inyo County,Asian,2021,Percent,0.7
6027,County,Inyo County,Filipino,2021,Percent,0
6027,County,Inyo County,Hispanic_Latino,2021,Percent,54.2
6027,County,Inyo County,Multiracial,2021,Percent,5
6027,County,Inyo County,Native Hawaiian_Pacific Islander,2021,Percent,0.2
6027,County,Inyo County,White,2021,Percent,21.9
6107,County,Tulare County,African American_Black,2021,Percent,1
6107,County,Tulare County,American Indian_Alaska Native,2021,Percent,0.7
6107,County,Tulare County,Asian,2021,Percent,2
6107,County,Tulare County,Filipino,2021,Percent,0.7
6107,County,Tulare County,Hispanic_Latino,2021,Percent,78.2
6107,County,Tulare County,Multiracial,2021,Percent,1.4
6107,County,Tulare County,Native Hawaiian_Pacific Islander,2021,Percent,0.2
6107,County,Tulare County,White,2021,Percent,14.5
6031,County,Kings County,African American_Black,2021,Percent,3.3
6031,County,Kings County,American Indian_Alaska Native,2021,Percent,1
6031,County,Kings County,Asian,2021,Percent,1
6031,County,Kings County,Filipino,2021,Percent,1.6
6031,County,Kings County,Hispanic_Latino,2021,Percent,71.3
6031,County,Kings County,Multiracial,2021,Percent,3.3
6031,County,Kings County,Native Hawaiian_Pacific Islander,2021,Percent,0.2
6031,County,Kings County,White,2021,Percent,18.1
6079,County,San Luis Obispo County,African American_Black,2021,Percent,0.8
6079,County,San Luis Obispo County,American Indian_Alaska Native,2021,Percent,0.4
6079,County,San Luis Obispo County,Asian,2021,Percent,1.5
6079,County,San Luis Obispo County,Filipino,2021,Percent,1
6079,County,San Luis Obispo County,Hispanic_Latino,2021,Percent,41.9
6079,County,San Luis Obispo County,Multiracial,2021,Percent,4.3
6079,County,San Luis Obispo County,Native Hawaiian_Pacific Islander,2021,Percent,0.1
6079,County,San Luis Obispo County,White,2021,Percent,49.1
6029,County,Kern County,African American_Black,2021,Percent,5.3
6029,County,Kern County,American Indian_Alaska Native,2021,Percent,0.5
6029,County,Kern County,Asian,2021,Percent,2.5
6029,County,Kern County,Filipino,2021,Percent,1.3
6029,County,Kern County,Hispanic_Latino,2021,Percent,66.2
6029,County,Kern County,Multiracial,2021,Percent,2
6029,County,Kern County,Native Hawaiian_Pacific Islander,2021,Percent,0.2
6029,County,Kern County,White,2021,Percent,21.4
6111,County,Ventura County,African American_Black,2021,Percent,1.2
6111,County,Ventura County,American Indian_Alaska Native,2021,Percent,0.2
6111,County,Ventura County,Asian,2021,Percent,4.4
6111,County,Ventura County,Filipino,2021,Percent,1.8
6111,County,Ventura County,Hispanic_Latino,2021,Percent,61
6111,County,Ventura County,Multiracial,2021,Percent,3.6
6111,County,Ventura County,Native Hawaiian_Pacific Islander,2021,Percent,0.2
6111,County,Ventura County,White,2021,Percent,27.6
6037,County,Los Angeles County,African American_Black,2021,Percent,7.1
6037,County,Los Angeles County,American Indian_Alaska Native,2021,Percent,0.2
6037,County,Los Angeles County,Asian,2021,Percent,7.9
6037,County,Los Angeles County,Filipino,2021,Percent,2.2
6037,County,Los Angeles County,Hispanic_Latino,2021,Percent,65.7
6037,County,Los Angeles County,Multiracial,2021,Percent,2.7
6037,County,Los Angeles County,Native Hawaiian_Pacific Islander,2021,Percent,0.3
6037,County,Los Angeles County,White,2021,Percent,13.4
6059,County,Orange County,African American_Black,2021,Percent,1.3
6059,County,Orange County,American Indian_Alaska Native,2021,Percent,0.2
6059,County,Orange County,Asian,2021,Percent,17.4
6059,County,Orange County,Filipino,2021,Percent,2.1
6059,County,Orange County,Hispanic_Latino,2021,Percent,49.5
6059,County,Orange County,Multiracial,2021,Percent,4.5
6059,County,Orange County,Native Hawaiian_Pacific Islander,2021,Percent,0.3
6059,County,Orange County,White,2021,Percent,24
6071,County,San Bernardino County,African American_Black,2021,Percent,8
6071,County,San Bernardino County,American Indian_Alaska Native,2021,Percent,0.4
6071,County,San Bernardino County,Asian,2021,Percent,4
6071,County,San Bernardino County,Filipino,2021,Percent,1.3
6071,County,San Bernardino County,Hispanic_Latino,2021,Percent,66.8
6071,County,San Bernardino County,Multiracial,2021,Percent,2.5
6071,County,San Bernardino County,Native Hawaiian_Pacific Islander,2021,Percent,0.4
6071,County,San Bernardino County,White,2021,Percent,16
6065,County,Riverside County,African American_Black,2021,Percent,5.9
6065,County,Riverside County,American Indian_Alaska Native,2021,Percent,0.4
6065,County,Riverside County,Asian,2021,Percent,3.3
6065,County,Riverside County,Filipino,2021,Percent,1.9
6065,County,Riverside County,Hispanic_Latino,2021,Percent,65.2
6065,County,Riverside County,Multiracial,2021,Percent,3.5
6065,County,Riverside County,Native Hawaiian_Pacific Islander,2021,Percent,0.3
6065,County,Riverside County,White,2021,Percent,18.9
6073,County,San Diego County,African American_Black,2021,Percent,4.2
6073,County,San Diego County,American Indian_Alaska Native,2021,Percent,0.5
6073,County,San Diego County,Asian,2021,Percent,6.4
6073,County,San Diego County,Filipino,2021,Percent,3.7
6073,County,San Diego County,Hispanic_Latino,2021,Percent,48.5
6073,County,San Diego County,Multiracial,2021,Percent,6.3
6073,County,San Diego County,Native Hawaiian_Pacific Islander,2021,Percent,0.4
6073,County,San Diego County,White,2021,Percent,29.1
6025,County,Imperial County,African American_Black,2021,Percent,0.7
6025,County,Imperial County,American Indian_Alaska Native,2021,Percent,0.9
6025,County,Imperial County,Asian,2021,Percent,0.4
6025,County,Imperial County,Filipino,2021,Percent,0.2
6025,County,Imperial County,Hispanic_Latino,2021,Percent,93.1
6025,County,Imperial County,Multiracial,2021,Percent,0.4
6025,County,Imperial County,Native Hawaiian_Pacific Islander,2021,Percent,0
6025,County,Imperial County,White,2021,Percent,4.1
6087,County,Santa Cruz County,African American_Black,2021,Percent,0.7
6087,County,Santa Cruz County,American Indian_Alaska Native,2021,Percent,0.3
6087,County,Santa Cruz County,Asian,2021,Percent,2.3
6087,County,Santa Cruz County,Filipino,2021,Percent,0.7
6087,County,Santa Cruz County,Hispanic_Latino,2021,Percent,57.3
6087,County,Santa Cruz County,Multiracial,2021,Percent,3.7
6087,County,Santa Cruz County,Native Hawaiian_Pacific Islander,2021,Percent,0.1
6087,County,Santa Cruz County,White,2021,Percent,33.5
6005,County,Amador County,African American_Black,2021,Percent,0.4
6005,County,Amador County,American Indian_Alaska Native,2021,Percent,2.1
6005,County,Amador County,Asian,2021,Percent,0.4
6005,County,Amador County,Filipino,2021,Percent,0.5
6005,County,Amador County,Hispanic_Latino,2021,Percent,23.1
6005,County,Amador County,Multiracial,2021,Percent,6.9
6005,County,Amador County,Native Hawaiian_Pacific Islander,2021,Percent,0.2
6005,County,Amador County,White,2021,Percent,65.6
